40.861979, 29.278634;;Isim;koordinat x;koordinat y
40.862929, 29.281317;;ahmet;40.861.979,00;29.278.634
40.862267, 29.284986;;mehmet;;
40.863779, 29.284229;;;;
40.863908, 29.291032;;;;
;;;;
;;;;
;mehmet \ ayse /////;;;
;geolib;;;
